Sample Size,Mean R2,Std R2
179,0.9962424253995018,
180,0.9962497478227296,
