Sample Size,Mean R2,Std R2
179,0.9995404892889792,
180,0.999546186754166,
