Sample Size,Mean R2,Std R2
120,0.9999520811463146,3.25459844368323e-05
121,0.9999640852656896,2.8853679147093553e-05
122,0.9999604678646294,3.202338642408106e-05
123,0.9999634147129186,2.9207717615836732e-05
124,0.9999633241226352,1.0063320864841499e-05
125,0.9999604733497887,2.2935567597688756e-05
126,0.9999719452434602,9.877529771731599e-06
